-- ==========================================
-- 1. LOẠI PHÒNG (loai_phong) - 7 Loại
-- ==========================================
INSERT INTO loai_phong (ten_loai, mo_ta, image_url, gia_co_ban) VALUES
('Standard Single', 'Phòng đơn tiêu chuẩn, diện tích 20m2', 'std_single.jpg', 400000),
('Standard Double', 'Phòng đôi tiêu chuẩn, diện tích 25m2', 'std_double.jpg', 600000),
('Deluxe King', 'Phòng giường đôi lớn cao cấp, view thành phố', 'deluxe_king.jpg', 1200000),
('Deluxe Twin', 'Phòng 2 giường đơn cao cấp, ban công rộng', 'deluxe_twin.jpg', 1300000),
('Suite Family', 'Phòng gia đình hạng sang, có phòng khách riêng', 'suite_family.jpg', 2500000),
('Penthouse Luxury', 'Căn hộ tầng thượng xa hoa, hồ bơi riêng', 'penthouse.jpg', 8000000),
('Bungalow Garden', 'Nhà vườn riêng biệt, không gian xanh mát', 'bungalow.jpg', 1800000);

-- ==========================================
-- 2. PHÒNG (phong) - 20 Phòng
-- Enums: AVAILABLE, OCCUPIED, MAINTENANCE, CLEANING
-- ==========================================
INSERT INTO phong (so_phong, image_url, trang_thai, loai_phong_id) VALUES
('101', 'p101.jpg', 'AVAILABLE', 1), ('102', 'p102.jpg', 'AVAILABLE', 1), ('103', 'p103.jpg', 'CLEANING', 1), ('104', 'p104.jpg', 'AVAILABLE', 1),
('201', 'p201.jpg', 'OCCUPIED', 2), ('202', 'p202.jpg', 'AVAILABLE', 2), ('203', 'p203.jpg', 'MAINTENANCE', 2), ('204', 'p204.jpg', 'AVAILABLE', 2),
('301', 'p301.jpg', 'OCCUPIED', 3), ('302', 'p302.jpg', 'AVAILABLE', 3), ('303', 'p303.jpg', 'AVAILABLE', 4), ('304', 'p304.jpg', 'CLEANING', 4),
('401', 'p401.jpg', 'OCCUPIED', 5), ('402', 'p402.jpg', 'AVAILABLE', 5), ('403', 'p403.jpg', 'AVAILABLE', 5),
('501', 'p501.jpg', 'AVAILABLE', 6), ('502', 'p502.jpg', 'MAINTENANCE', 6),
('B01', 'pb01.jpg', 'AVAILABLE', 7), ('B02', 'pb02.jpg', 'OCCUPIED', 7), ('B03', 'pb03.jpg', 'AVAILABLE', 7);

-- ==========================================
-- 3. KHÁCH HÀNG (khach_hang) - 20 Khách
-- ==========================================
INSERT INTO khach_hang (ten, sdt, email) VALUES
('Nguyễn An', '0912000001', 'an@gmail.com'), ('Trần Bình', '0912000002', 'binh@gmail.com'),
('Lê Cường', '0912000003', 'cuong@gmail.com'), ('Phạm Dung', '0912000004', 'dung@gmail.com'),
('Hoàng Yến', '0912000005', 'yen@gmail.com'), ('Võ Nam', '0912000006', 'nam@gmail.com'),
('Đặng Thu', '0912000007', 'thu@gmail.com'), ('Bùi Kiên', '0912000008', 'kien@gmail.com'),
('Ngô Liên', '0912000009', 'lien@gmail.com'), ('Đỗ Hùng', '0912000010', 'hung@gmail.com'),
('Lý Tiểu Long', '0912000011', 'longlt@gmail.com'), ('Trần Thị Bưởi', '0912000012', 'buoitt@gmail.com'),
('Phan Mạnh Quỳnh', '0912000013', 'quynhpm@gmail.com'), ('Sơn Tùng MTP', '0912000014', 'tungmtp@gmail.com'),
('Đen Vâu', '0912000015', 'denvau@gmail.com'), ('Nguyễn Thùy Tiên', '0912000016', 'tien@gmail.com'),
('Độ Mixi', '0912000017', 'domixi@gmail.com'), ('Hieuthuhai', '0912000018', 'hieu2@gmail.com'),
('Trấn Thành', '0912000019', 'thanht@gmail.com'), ('Ninh Dương Lan Ngọc', '0912000020', 'ngocndl@gmail.com');

-- ==========================================
-- 4. DỊCH VỤ (dich_vu) - 10 Dịch vụ
-- ==========================================
INSERT INTO dich_vu (ten, image_url, gia) VALUES
('Coca Cola', 'coca.jpg', 20000), ('Nước suối Aquafina', 'aqua.jpg', 15000),
('Mì ly Hảo Hảo', 'mi.jpg', 25000), ('Giặt ủi quần áo', 'giat.jpg', 50000),
('Thuê xe máy (Ngày)', 'bike.jpg', 150000), ('Ăn sáng tại phòng', 'food.jpg', 100000),
('Massage Body', 'spa.jpg', 500000), ('Đưa đón sân bay', 'car.jpg', 350000),
('Trang trí phòng kỷ niệm', 'party.jpg', 1200000), ('Trái cây đón khách', 'fruit.jpg', 200000);

-- ==========================================
-- 5. KHUYẾN MÃI (khuyen_mai) - 5 Voucher
-- Enums: PERCENT, AMOUNT
-- ==========================================
INSERT INTO khuyen_mai (ten, loai_giam, gia_tri) VALUES
('Giảm giá hè 10%', 'PERCENT', 10.00),
('Khai trương 20%', 'PERCENT', 20.00),
('Voucher 200k', 'AMOUNT', 200000.00),
('Tri ân khách cũ 100k', 'AMOUNT', 100000.00),
('Ưu đãi Member 5%', 'PERCENT', 5.00);

-- ==========================================
-- 6. ĐẶT PHÒNG (dat_phong) - 20 đơn
-- Enums: PENDING, CONFIRMED, CHECKED_IN, CHECKED_OUT, CANCELLED
-- Sử dụng nhân viên ID: 1, 2, 3
-- ==========================================
INSERT INTO dat_phong (khach_hang_id, nhan_vien_id, ngay_dat, trang_thai) VALUES
(1, 1, '2024-03-01 08:00:00', 'CHECKED_OUT'), (2, 2, '2024-03-02 09:00:00', 'CHECKED_OUT'),
(3, 3, '2024-03-03 10:00:00', 'CHECKED_OUT'), (4, 1, '2024-03-04 14:00:00', 'CHECKED_OUT'),
(5, 2, '2024-03-05 15:00:00', 'CHECKED_OUT'), (6, 3, '2024-03-20 10:00:00', 'CHECKED_IN'),
(7, 1, '2024-03-21 11:00:00', 'CHECKED_IN'), (8, 2, '2024-03-22 09:00:00', 'CANCELLED'),
(9, 3, '2024-03-23 16:00:00', 'CONFIRMED'), (10, 1, '2024-03-24 08:00:00', 'CONFIRMED'),
(11, 2, '2024-03-25 09:00:00', 'CONFIRMED'), (12, 3, '2024-03-26 10:30:00', 'PENDING'),
(13, 1, '2024-03-27 08:00:00', 'PENDING'), (14, 2, '2024-03-28 14:00:00', 'PENDING'),
(15, 3, '2024-03-29 07:00:00', 'CHECKED_IN'), (16, 1, '2024-03-30 13:00:00', 'CHECKED_OUT'),
(17, 2, '2024-04-01 15:00:00', 'CANCELLED'), (18, 3, '2024-04-02 10:00:00', 'CONFIRMED'),
(19, 1, '2024-04-02 11:00:00', 'PENDING'), (20, 2, '2024-04-03 09:00:00', 'CHECKED_IN');

-- ==========================================
-- 7. CHI TIẾT ĐẶT PHÒNG (chi_tiet_dat_phong) - 20 bản ghi
-- ==========================================
INSERT INTO chi_tiet_dat_phong (dat_phong_id, phong_id, ngay_nhan, ngay_tra, gia) VALUES
(1, 1, '2024-03-01', '2024-03-03', 400000.00), (2, 5, '2024-03-02', '2024-03-04', 600000.00),
(3, 9, '2024-03-03', '2024-03-05', 1200000.00), (4, 13, '2024-03-04', '2024-03-06', 2500000.00),
(5, 16, '2024-03-05', '2024-03-07', 8000000.00), (6, 2, '2024-03-20', '2024-03-22', 400000.00),
(7, 6, '2024-03-21', '2024-03-23', 600000.00), (8, 10, '2024-03-22', '2024-03-23', 1200000.00),
(9, 14, '2024-03-25', '2024-03-27', 2500000.00), (10, 18, '2024-03-26', '2024-03-28', 1800000.00),
(11, 3, '2024-04-01', '2024-04-03', 400000.00), (12, 7, '2024-04-05', '2024-04-07', 600000.00),
(13, 11, '2024-04-10', '2024-04-12', 1300000.00), (14, 15, '2024-04-15', '2024-04-17', 2500000.00),
(15, 19, '2024-03-29', '2024-04-01', 1800000.00), (16, 4, '2024-03-30', '2024-04-01', 400000.00),
(17, 8, '2024-04-01', '2024-04-02', 600000.00), (18, 12, '2024-04-05', '2024-04-08', 1300000.00),
(19, 20, '2024-04-10', '2024-04-12', 1800000.00), (20, 17, '2024-04-03', '2024-04-06', 8000000.00);

-- ==========================================
-- 8. SỬ DỤNG DỊCH VỤ (su_dung_dich_vu) - 20 bản ghi
-- ==========================================
INSERT INTO su_dung_dich_vu (dat_phong_id, phong_id, dich_vu_id, so_luong, thoi_diem) VALUES
(1, 1, 1, 2, '2024-03-01 19:00:00'), (1, 1, 2, 2, '2024-03-01 19:05:00'),
(2, 5, 3, 1, '2024-03-02 20:00:00'), (3, 9, 7, 1, '2024-03-04 09:00:00'),
(4, 13, 5, 1, '2024-03-05 08:00:00'), (5, 16, 9, 1, '2024-03-06 15:00:00'),
(6, 2, 6, 2, '2024-03-20 07:30:00'), (7, 6, 1, 5, '2024-03-21 21:00:00'),
(15, 19, 4, 3, '2024-03-30 10:00:00'), (16, 4, 10, 1, '2024-03-31 08:00:00'),
(20, 17, 8, 2, '2024-04-04 14:00:00'), (6, 2, 2, 3, '2024-03-21 09:00:00'),
(7, 6, 3, 2, '2024-03-22 08:00:00'), (4, 13, 1, 4, '2024-03-05 18:00:00'),
(2, 5, 4, 1, '2024-03-03 10:00:00'), (1, 1, 5, 1, '2024-03-02 08:00:00'),
(15, 19, 1, 2, '2024-03-29 20:00:00'), (16, 4, 2, 2, '2024-03-30 20:00:00'),
(3, 9, 6, 1, '2024-03-03 08:00:00'), (20, 17, 3, 5, '2024-04-04 09:00:00');

-- ==========================================
-- 9. HÓA ĐƠN (hoa_don) - 15 Hóa đơn
-- ==========================================
INSERT INTO hoa_don (dat_phong_id, nhan_vien_id, tong_tien, ngay_tao) VALUES
(1, 1, 870000.00, '2024-03-03 10:00:00'), (2, 2, 650000.00, '2024-03-04 09:30:00'),
(3, 3, 2650000.00, '2024-03-05 12:00:00'), (4, 1, 5200000.00, '2024-03-06 11:00:00'),
(5, 2, 17200000.00, '2024-03-07 08:00:00'), (6, 3, 1200000.00, '2024-03-22 15:00:00'),
(7, 1, 1450000.00, '2024-03-23 10:00:00'), (9, 3, 2500000.00, '2024-03-27 16:30:00'),
(10, 1, 1800000.00, '2024-03-28 09:00:00'), (11, 2, 400000.00, '2024-04-03 10:05:00'),
(13, 1, 1300000.00, '2024-04-12 09:00:00'), (15, 3, 5600000.00, '2024-04-01 08:00:00'),
(16, 1, 1050000.00, '2024-04-01 10:00:00'), (18, 3, 1300000.00, '2024-04-08 10:00:00'),
(20, 2, 25000000.00, '2024-04-06 10:00:00');

-- ==========================================
-- 10. THANH TOÁN (thanh_toan) - 15 bản ghi
-- Enums: CASH, CARD, TRANSFER, E_WALLET
-- ==========================================
INSERT INTO thanh_toan (hoa_don_id, so_tien, phuong_thuc, ngay_thanh_toan) VALUES
(1, 870000.00, 'CASH', '2024-03-03 10:05:00'),
(2, 650000.00, 'TRANSFER', '2024-03-04 09:40:00'),
(3, 2650000.00, 'E_WALLET', '2024-03-05 12:10:00'),
(4, 520000.00, 'CARD', '2024-03-06 11:15:00'),
(5, 1720000.00, 'TRANSFER', '2024-03-07 08:15:00'),
(6, 1200000.00, 'E_WALLET', '2024-03-22 15:10:00'),
(7, 1450000.00, 'CASH', '2024-03-23 10:05:00'),
(9, 2500000.00, 'TRANSFER', '2024-03-27 16:45:00'),
(10, 1800000.00, 'CARD', '2024-03-28 09:15:00'),
(11, 400000.00, 'CASH', '2024-04-03 10:10:00'),
(13, 1300000.00, 'TRANSFER', '2024-04-12 09:10:00'),
(15, 5600000.00, 'E_WALLET', '2024-04-01 08:10:00'),
(16, 1050000.00, 'CASH', '2024-04-01 10:05:00'),
(18, 1300000.00, 'CARD', '2024-04-08 10:05:00'),
(20, 25000000.00, 'TRANSFER', '2024-04-06 10:10:00');

-- ==========================================
-- 11. HÓA ĐƠN KHUYẾN MÃI (hoa_don_khuyen_mai - Bảng trung gian ManyToMany)
-- ==========================================
INSERT INTO hoa_don_khuyen_mai (hoa_don_id, khuyen_mai_id) VALUES
(1, 1), (3, 3), (4, 2), (5, 4), (7, 2), (15, 1), (20, 2);